n,output_freq,input_fft_mag,filtered_fft_mag,
0,0.0,9.723557741381228e-05,3.800809144973755,
1,8.0,5.587973282672465e-05,3.781416177749634,
2,16.0,6.440638389904052e-05,3.786482334136963,
3,24.0,3.105968062300235e-05,3.7948760986328125,
4,32.0,1.77731071744347e-05,3.8066158294677734,
5,40.0,9.010591020341963e-05,3.8217082023620605,
6,48.0,0.00011491320037748665,3.8400120735168457,
7,56.0,0.0001237963151652366,3.861353874206543,
8,64.0,6.139552169770468e-06,3.885864496231079,
9,72.0,7.787882168486249e-06,3.9134154319763184,
10,80.0,0.000104501326859463,3.943974494934082,
11,88.0,8.518568938598037e-05,3.977252721786499,
12,96.0,9.467625204706565e-05,4.013220310211182,
13,104.0,0.00020566700550261885,4.0519256591796875,
14,112.0,0.00011080349213443696,4.0928449630737305,
15,120.0,3.606060636229813e-05,4.136435508728027,
16,128.0,9.287772991228849e-05,4.182178974151611,
17,136.0,7.053692388581112e-05,4.230149745941162,
18,144.0,0.00013899881741963327,4.279994010925293,
19,152.0,0.0002968182961922139,4.332001686096191,
20,160.0,0.0001515523181296885,4.3856024742126465,
21,168.0,0.00013479763583745807,4.440718650817871,
22,176.0,6.20310747763142e-05,4.497406005859375,
23,184.0,3.0247727409005165e-05,4.5554399490356445,
24,192.0,0.00013507042604032904,4.614893436431885,
25,200.0,0.00011291013652225956,4.675302505493164,
26,208.0,8.742765203351155e-05,4.736764907836914,
27,216.0,9.080598101718351e-05,4.79910135269165,
28,224.0,3.905745325027965e-05,4.862142562866211,
29,232.0,5.464624337037094e-05,4.925900936126709,
30,240.0,9.065950143849477e-05,4.990174293518066,
31,248.0,0.0001493250747444108,5.05492639541626,
32,256.0,0.00011751501733670011,5.119865417480469,
33,264.0,4.279168206267059e-05,5.184938430786133,
34,272.0,9.90238695521839e-05,5.250219345092773,
35,280.0,0.00013867125380784273,5.3153395652771,
36,288.0,0.00020942564879078418,5.380569934844971,
37,296.0,0.00023141222482081503,5.445382595062256,
38,304.0,6.436568219214678e-05,5.509639263153076,
39,312.0,0.00014486632426269352,5.573758125305176,
40,320.0,2.6718087610788643e-05,5.637081146240234,
41,328.0,0.00023086395231075585,5.700103759765625,
42,336.0,0.00033697759499773383,5.762321949005127,
43,344.0,0.00026858007186092436,5.823394298553467,
44,352.0,0.0003265459381509572,5.883824348449707,
45,360.0,3.779798134928569e-05,5.942872524261475,
46,368.0,0.00024125429627019912,6.001296043395996,
47,376.0,0.0010910889832302928,6.0590434074401855,
48,384.0,0.001090194913558662,6.1148600578308105,
49,392.0,0.0008014377672225237,6.169114112854004,
50,400.0,1023.9902954101562,1048.8499755859375,
51,408.0,0.0007629339233972132,6.2721357345581055,
52,416.0,0.001111133606173098,6.322044372558594,
53,424.0,0.0011313145514577627,6.369761943817139,
54,432.0,0.00021542778995353729,6.417239189147949,
55,440.0,6.57142445561476e-05,6.462217330932617,
56,448.0,0.0002956649987027049,6.504760265350342,
57,456.0,0.00029161336715333164,6.545995712280273,
58,464.0,0.00036347380955703557,6.584660053253174,
59,472.0,0.0002354173338972032,6.621671199798584,
60,480.0,6.208276317920536e-05,6.656752586364746,
61,488.0,8.654603152535856e-05,6.689324855804443,
62,496.0,7.280900899786502e-05,6.719894886016846,
63,504.0,0.0002904565481003374,6.747936725616455,
64,512.0,0.00021841541456524283,6.773838043212891,
65,520.0,0.00015922579041216522,6.797572612762451,
66,528.0,7.951904990477487e-05,6.818787097930908,
67,536.0,3.139568798360415e-05,6.837648391723633,
68,544.0,7.75094231357798e-05,6.853902339935303,
69,552.0,0.00015741039533168077,6.8677263259887695,
70,560.0,0.0001183877611765638,6.879042148590088,
71,568.0,5.0266531616216525e-05,6.887967109680176,
72,576.0,4.134288974455558e-05,6.894160747528076,
73,584.0,4.3539723264984787e-05,6.8978271484375,
74,592.0,5.289060209179297e-05,6.898959159851074,
75,600.0,0.00017779399058781564,6.897232532501221,
76,608.0,6.811654020566493e-05,6.893198013305664,
77,616.0,0.00010386181384092197,6.886458873748779,
78,624.0,5.3923202358419076e-05,6.877031326293945,
79,632.0,0.00015438169066328555,6.8651299476623535,
80,640.0,0.00023585674352943897,6.85018253326416,
81,648.0,0.00024961918825283647,6.832926273345947,
82,656.0,8.795382018433884e-05,6.813207626342773,
83,664.0,8.775811147643253e-05,6.790761947631836,
84,672.0,4.482699296204373e-05,6.765597820281982,
85,680.0,5.9674919612007216e-05,6.738052845001221,
86,688.0,9.2027970822528e-05,6.707735538482666,
87,696.0,6.924971239641309e-05,6.675155162811279,
88,704.0,2.640579805301968e-05,6.639918804168701,
89,712.0,3.808230394497514e-05,6.602284908294678,
90,720.0,4.0547456592321396e-05,6.562234878540039,
91,728.0,9.402947762282565e-05,6.5196919441223145,
92,736.0,5.627580321743153e-05,6.474963665008545,
93,744.0,8.146705658873543e-05,6.42792272567749,
94,752.0,8.053508645389229e-05,6.378439903259277,
95,760.0,2.356048753426876e-05,6.326887607574463,
96,768.0,2.1693555027013645e-05,6.273159980773926,
97,776.0,8.068908209679648e-05,6.217244625091553,
98,784.0,6.849907367723063e-05,6.15944766998291,
99,792.0,2.2312491637421772e-05,6.099536895751953,
100,800.0,7.055351306917146e-05,6.037647724151611,
101,808.0,1.5138986782403663e-05,5.973997592926025,
102,816.0,6.208220293046907e-05,5.908480644226074,
103,824.0,8.875574712874368e-05,5.841248035430908,
104,832.0,6.421314174076542e-05,5.7724409103393555,
105,840.0,5.8420315326657146e-05,5.701953411102295,
106,848.0,7.540083606727421e-05,5.62990140914917,
107,856.0,8.350823190994561e-05,5.556448459625244,
108,864.0,8.228260412579402e-05,5.481675148010254,
109,872.0,8.422130485996604e-05,5.405643939971924,
110,880.0,6.375695375027135e-05,5.328390598297119,
111,888.0,5.3788331570103765e-05,5.249968528747559,
112,896.0,5.5845401220722124e-05,5.170521259307861,
113,904.0,0.00025710079353302717,5.090025424957275,
114,912.0,0.00021098856814205647,5.008906841278076,
115,920.0,0.00015117292059585452,4.9269795417785645,
116,928.0,6.0264734202064574e-05,4.844297885894775,
117,936.0,8.74269098858349e-05,4.76097297668457,
118,944.0,0.00017715687863528728,4.677290916442871,
119,952.0,0.00018671997531782836,4.593146324157715,
120,960.0,8.63360310177086e-06,4.5085577964782715,
121,968.0,7.029582047834992e-05,4.423824787139893,
122,976.0,2.0046132704010233e-05,4.339016437530518,
123,984.0,5.716769737773575e-05,4.25413179397583,
124,992.0,0.00011369046114850789,4.169346809387207,
125,1000.0,0.00015222666843328625,4.084639072418213,
126,1008.0,2.7540734663489275e-05,4.000295162200928,
127,1016.0,9.848103945842013e-05,3.9162721633911133,
128,1024.0,6.809057231293991e-05,3.832608222961426,
129,1032.0,6.998240860411897e-05,3.749573230743408,
130,1040.0,9.099851013161242e-05,3.6671102046966553,
131,1048.0,8.259287278633565e-05,3.585418701171875,
132,1056.0,0.00011853385512949899,3.5046026706695557,
133,1064.0,0.00011854712647618726,3.4245638847351074,
134,1072.0,8.987672117655165e-06,3.3456239700317383,
135,1080.0,6.21079234406352e-05,3.2677390575408936,
136,1088.0,9.78189054876566e-05,3.1910452842712402,
137,1096.0,0.00017931757611222565,3.1156749725341797,
138,1104.0,0.00010900027700699866,3.041625738143921,
139,1112.0,6.60209552734159e-05,2.9690091609954834,
140,1120.0,0.00012240525393281132,2.8978915214538574,
141,1128.0,0.000219782828935422,2.828413724899292,
142,1136.0,0.00035924703115597367,2.7606000900268555,
143,1144.0,0.0001193238131236285,2.6946301460266113,
144,1152.0,0.00019414695270825177,2.630385160446167,
145,1160.0,0.00039606590871699154,2.5679447650909424,
146,1168.0,0.00045364187099039555,2.507591962814331,
147,1176.0,0.0014488736633211374,2.448925018310547,
148,1184.0,0.0007914777961559594,2.3929948806762695,
149,1192.0,0.00078963564010337,2.338505744934082,
150,1200.0,0.0009103673510253429,2.2866666316986084,
151,1208.0,0.00011891442409250885,2.236544132232666,
152,1216.0,0.0003814711526501924,2.188843011856079,
153,1224.0,0.00014850375009700656,2.1432297229766846,
154,1232.0,0.0001413976278854534,2.099806785583496,
155,1240.0,0.00023531036276835948,2.058651924133301,
156,1248.0,0.00010928376286756247,2.019662380218506,
157,1256.0,0.00010192731133429334,1.982833743095398,
158,1264.0,9.143834904534742e-05,1.948133945465088,
159,1272.0,9.482973837293684e-05,1.915551781654358,
160,1280.0,0.00012242064985912293,1.884992241859436,
161,1288.0,0.00010781973105622455,1.8564565181732178,
162,1296.0,0.00011923391139134765,1.8298313617706299,
163,1304.0,2.3152457288233563e-05,1.8050644397735596,
164,1312.0,3.885601108777337e-05,1.7820851802825928,
165,1320.0,7.239831029437482e-05,1.760783076286316,
166,1328.0,6.115254655014724e-05,1.7410980463027954,
167,1336.0,0.0001123584879678674,1.7229220867156982,
168,1344.0,3.3820673706941307e-05,1.7061539888381958,
169,1352.0,5.249374589766376e-05,1.6907075643539429,
170,1360.0,4.510425787884742e-05,1.6764678955078125,
171,1368.0,6.644420500379056e-05,1.6633546352386475,
172,1376.0,9.768576273927465e-05,1.651255488395691,
173,1384.0,3.3727257687132806e-05,1.640071988105774,
174,1392.0,4.156069553573616e-05,1.6297080516815186,
175,1400.0,4.575346247293055e-05,1.6200956106185913,
176,1408.0,5.708245953428559e-05,1.611107587814331,
177,1416.0,0.00020048071746714413,1.6026846170425415,
178,1424.0,5.4464162531076e-05,1.59474515914917,
179,1432.0,9.911904635373503e-05,1.5872094631195068,
180,1440.0,0.00015520738088525832,1.579993724822998,
181,1448.0,0.00017305760411545634,1.5730583667755127,
182,1456.0,0.00012818805407732725,1.5663360357284546,
183,1464.0,6.872486846987158e-05,1.5597678422927856,
184,1472.0,5.3737632697448134e-05,1.5533034801483154,
185,1480.0,0.0001288663479499519,1.5469008684158325,
186,1488.0,3.9932438085088506e-05,1.5405346155166626,
187,1496.0,4.329046350903809e-05,1.5341464281082153,
188,1504.0,9.39088495215401e-05,1.5277223587036133,
189,1512.0,1.320879800914554e-05,1.5212430953979492,
190,1520.0,4.171561886323616e-05,1.5146772861480713,
191,1528.0,6.127249071141705e-05,1.508020043373108,
192,1536.0,2.1472698790603317e-05,1.501251220703125,
193,1544.0,2.9819240808137693e-05,1.4943630695343018,
194,1552.0,7.868486864026636e-05,1.487351655960083,
195,1560.0,5.046860678703524e-05,1.4802193641662598,
196,1568.0,3.2052350434241816e-05,1.4729605913162231,
197,1576.0,1.789072121027857e-05,1.4655859470367432,
198,1584.0,1.2029652680212166e-05,1.4580943584442139,
199,1592.0,6.358700193231925e-05,1.4504895210266113,
200,1600.0,3.435504186199978e-05,1.4427889585494995,
201,1608.0,3.694239057949744e-05,1.4350029230117798,
202,1616.0,5.051582775195129e-06,1.4271409511566162,
203,1624.0,8.837031782604754e-05,1.4192132949829102,
204,1632.0,4.14872556575574e-05,1.4112353324890137,
205,1640.0,1.4553135770256631e-05,1.4032278060913086,
206,1648.0,5.2347419114084914e-05,1.395187258720398,
207,1656.0,2.369095636822749e-05,1.3871583938598633,
208,1664.0,4.9640217184787616e-05,1.3791359663009644,
209,1672.0,7.2372317845292855e-06,1.371133804321289,
210,1680.0,4.855889346799813e-05,1.3631647825241089,
211,1688.0,0.00010488476254977286,1.3552587032318115,
212,1696.0,5.54233520233538e-05,1.3474193811416626,
213,1704.0,0.00017568688781466335,1.3396483659744263,
214,1712.0,0.0001596252404851839,1.3319748640060425,
215,1720.0,0.00014847038255538791,1.3243974447250366,
216,1728.0,0.00014818384079262614,1.316933512687683,
217,1736.0,0.0001492087176302448,1.3095831871032715,
218,1744.0,0.00015212791913654655,1.3023574352264404,
219,1752.0,1.3448689969663974e-05,1.2952699661254883,
220,1760.0,4.0205010009231046e-05,1.288314938545227,
221,1768.0,8.614919352112338e-05,1.2815024852752686,
222,1776.0,7.519314385717735e-05,1.2748308181762695,
223,1784.0,5.707580203306861e-05,1.2683050632476807,
224,1792.0,2.5900468244799413e-05,1.2619233131408691,
225,1800.0,6.617112376261503e-05,1.255682110786438,
226,1808.0,3.550837573129684e-05,1.249585747718811,
227,1816.0,1.0338902029616293e-05,1.2436188459396362,
228,1824.0,8.811709994915873e-05,1.237789273262024,
229,1832.0,3.14579920086544e-05,1.2320911884307861,
230,1840.0,8.090066694421694e-05,1.2265056371688843,
231,1848.0,5.5370721383951604e-05,1.2210487127304077,
232,1856.0,4.611120675690472e-05,1.2156959772109985,
233,1864.0,0.0001369398960378021,1.2104469537734985,
234,1872.0,5.1247050578240305e-05,1.2052898406982422,
235,1880.0,4.6395081881200895e-05,1.200219988822937,
236,1888.0,9.34330964810215e-05,1.1952276229858398,
237,1896.0,0.00012035139661747962,1.1903023719787598,
238,1904.0,9.54486895352602e-05,1.1854385137557983,
239,1912.0,5.6852764828363433e-05,1.1806361675262451,
240,1920.0,0.00012867180339526385,1.17587411403656,
241,1928.0,0.00016036581655498594,1.1711517572402954,
242,1936.0,0.0003117343003395945,1.166459321975708,
243,1944.0,7.923162775114179e-05,1.1617895364761353,
244,1952.0,0.00017016330093611032,1.1571378707885742,
245,1960.0,0.00041631911881268024,1.152500033378601,
246,1968.0,0.0004258273693267256,1.1478679180145264,
247,1976.0,0.0014201883459463716,1.1432299613952637,
248,1984.0,0.0007580824312753975,1.1385897397994995,
249,1992.0,0.0008251167018897831,1.1339569091796875,
250,2000.0,0.0009047566563822329,1.1293003559112549,
251,2008.0,0.0001392015692545101,1.12465238571167,
252,2016.0,0.00040075290598906577,1.1199771165847778,
253,2024.0,0.00016628495359327644,1.115297555923462,
254,2032.0,0.00018391518096905202,1.1105962991714478,
255,2040.0,0.0002240647008875385,1.1058975458145142,
256,2048.0,9.654610039433464e-05,1.1011759042739868,
257,2056.0,8.641684689791873e-05,1.0964516401290894,
258,2064.0,0.00011539793194970116,1.0917248725891113,
259,2072.0,0.00013589179434347898,1.0869882106781006,
260,2080.0,0.0001424998918082565,1.0822488069534302,
261,2088.0,0.00012204088125145063,1.0775175094604492,
262,2096.0,6.382082210620865e-05,1.0727938413619995,
263,2104.0,1.5615723896189593e-05,1.068081259727478,
264,2112.0,8.362935477634892e-05,1.0633834600448608,
265,2120.0,6.0549475165316835e-05,1.0587044954299927,
266,2128.0,5.7143508456647396e-05,1.0540494918823242,
267,2136.0,0.00011819243809441105,1.0494362115859985,
268,2144.0,3.385029049240984e-05,1.0448544025421143,
269,2152.0,4.2735362512758e-05,1.0403064489364624,
270,2160.0,2.6877372874878347e-05,1.0358117818832397,
271,2168.0,7.519852078985423e-05,1.0313609838485718,
272,2176.0,7.845714571885765e-05,1.0269666910171509,
273,2184.0,6.583314097952098e-05,1.0226281881332397,
274,2192.0,9.345533908344805e-05,1.0183653831481934,
275,2200.0,2.7711730581359006e-05,1.0141468048095703,
276,2208.0,0.00012232948211021721,1.010003685951233,
277,2216.0,0.00021021410066168755,1.0059314966201782,
278,2224.0,0.00030373342451639473,1.001930832862854,
279,2232.0,0.0001125742492149584,0.9980147480964661,
280,2240.0,0.00013735881657339633,0.9941652417182922,
281,2248.0,8.704092761036009e-05,0.9903952479362488,
282,2256.0,0.00014475743228103966,0.9866989850997925,
283,2264.0,8.534371590940282e-05,0.9830789566040039,
284,2272.0,8.6034502601251e-05,0.9795343279838562,
285,2280.0,2.0064346244907938e-05,0.9760640859603882,
286,2288.0,1.2827811588067561e-05,0.9726715087890625,
287,2296.0,7.958753121783957e-05,0.9693470001220703,
288,2304.0,3.66369858966209e-05,0.9660899043083191,
289,2312.0,6.269697041716427e-05,0.9628925919532776,
290,2320.0,7.032392750261351e-05,0.9597682356834412,
291,2328.0,7.332737004617229e-05,0.9566888213157654,
292,2336.0,4.6887322241673246e-05,0.9536720514297485,
293,2344.0,3.880958320223726e-05,0.9506986737251282,
294,2352.0,2.5884937713271938e-05,0.9477735757827759,
295,2360.0,4.841716872761026e-05,0.944889485836029,
296,2368.0,2.162757664336823e-05,0.942040741443634,
297,2376.0,3.4965800296049565e-05,0.9392285346984863,
298,2384.0,4.914980672765523e-05,0.9364370703697205,
299,2392.0,3.64053194061853e-05,0.9336731433868408,
300,2400.0,4.4645683374255896e-05,0.9309262633323669,
301,2408.0,8.753686415730044e-06,0.9281870722770691,
302,2416.0,4.7491808800259605e-05,0.9254682660102844,
303,2424.0,8.516840171068907e-05,0.9227412343025208,
304,2432.0,1.627636379453179e-06,0.9200237989425659,
305,2440.0,4.7716770495753735e-05,0.9173033833503723,
306,2448.0,6.345965812215582e-05,0.9145656228065491,
307,2456.0,3.159693005727604e-05,0.9118446111679077,
308,2464.0,2.1355883291107602e-05,0.9090985655784607,
309,2472.0,6.665867840638384e-05,0.9063392281532288,
310,2480.0,6.590289558516815e-05,0.903567373752594,
311,2488.0,7.304838072741404e-05,0.9007756114006042,
312,2496.0,8.32599398563616e-05,0.8979735374450684,
313,2504.0,0.0001575081842020154,0.8951470255851746,
314,2512.0,8.000525122042745e-05,0.8923042416572571,
315,2520.0,9.242511441698298e-05,0.8894452452659607,
316,2528.0,0.00014432883472181857,0.8865664005279541,
317,2536.0,0.00012892691302113235,0.8836718797683716,
318,2544.0,0.0001273602683795616,0.8807621002197266,
319,2552.0,6.178337207529694e-05,0.8778395652770996,
320,2560.0,0.00012852436339017004,0.8749040365219116,
321,2568.0,0.00012645419337786734,0.8719537258148193,
322,2576.0,0.00011729399557225406,0.8690108060836792,
323,2584.0,5.3695413953391835e-05,0.8660468459129333,
324,2592.0,4.3129330151714385e-05,0.8630897402763367,
325,2600.0,3.979416942456737e-05,0.8601354360580444,
326,2608.0,0.00010560848022578284,0.8571879863739014,
327,2616.0,7.626989827258512e-05,0.8542429804801941,
328,2624.0,3.7909569073235616e-05,0.8513095378875732,
329,2632.0,2.2469888790510595e-05,0.8483961224555969,
330,2640.0,3.625351746450178e-05,0.8454957008361816,
331,2648.0,7.74741274653934e-05,0.8426255583763123,
332,2656.0,9.402930299984291e-05,0.8397776484489441,
333,2664.0,2.62500652752351e-05,0.8369534611701965,
334,2672.0,7.848935638321564e-05,0.8341721296310425,
335,2680.0,6.396491517079994e-05,0.8314152359962463,
336,2688.0,8.268609963124618e-05,0.8287052512168884,
337,2696.0,9.122599294641986e-05,0.8260294198989868,
338,2704.0,6.686994311166927e-05,0.823395311832428,
339,2712.0,9.644321107771248e-05,0.8208115100860596,
340,2720.0,9.539054008200765e-05,0.818274736404419,
341,2728.0,4.6651817683596164e-05,0.8157826066017151,
342,2736.0,0.00017611445218790323,0.8133364319801331,
343,2744.0,9.450761717744172e-05,0.8109469413757324,
344,2752.0,0.00025164286489598453,0.8086064457893372,
345,2760.0,0.0008119280682876706,0.8063128590583801,
346,2768.0,0.00034984920057468116,0.804072916507721,
347,2776.0,0.000213748833630234,0.8018801808357239,
348,2784.0,0.000608817848842591,0.7997350096702576,
349,2792.0,0.0002417853393126279,0.7976353168487549,
350,2800.0,0.00013989588478580117,0.7955820560455322,
351,2808.0,0.00016224227147176862,0.7935782074928284,
352,2816.0,6.655079778283834e-05,0.7916123270988464,
353,2824.0,5.620907177217305e-05,0.7896847724914551,
354,2832.0,8.722716302145272e-05,0.787790834903717,
355,2840.0,5.496629819390364e-05,0.7859400510787964,
356,2848.0,2.7680813218466938e-05,0.7841095924377441,
357,2856.0,0.00010672325151972473,0.7823122143745422,
358,2864.0,4.062896914547309e-05,0.7805263996124268,
359,2872.0,6.65032712277025e-05,0.7787802815437317,
360,2880.0,7.523823296651244e-05,0.7770446538925171,
361,2888.0,5.0507831474533305e-05,0.7753200531005859,
362,2896.0,3.079930684179999e-05,0.7736011743545532,
363,2904.0,2.4533734176657163e-05,0.7719034552574158,
364,2912.0,2.0008288629469462e-05,0.7702031135559082,
365,2920.0,3.1239542295224965e-05,0.7685075998306274,
366,2928.0,1.5774516214150935e-05,0.7668037414550781,
367,2936.0,4.989907029084861e-05,0.7650972604751587,
368,2944.0,2.9364358852035366e-05,0.7633845806121826,
369,2952.0,2.288518226123415e-05,0.7616641521453857,
370,2960.0,5.880731259821914e-05,0.7599358558654785,
371,2968.0,1.391671958117513e-05,0.7581786513328552,
372,2976.0,2.9962662665639073e-05,0.7564188241958618,
373,2984.0,6.108357047196478e-05,0.7546373009681702,
374,2992.0,7.836915756342933e-05,0.7528382539749146,
375,3000.0,1.3910565030528232e-05,0.7510190010070801,
376,3008.0,0.00011961893324041739,0.7491822242736816,
377,3016.0,0.00013259175466373563,0.7473229169845581,
378,3024.0,0.00028214958729222417,0.7454457879066467,
379,3032.0,8.786035323282704e-05,0.7435492873191833,
380,3040.0,0.00010948964336421341,0.7416368722915649,
381,3048.0,0.00011013248877134174,0.7397047877311707,
382,3056.0,0.00015362979320343584,0.7377592921257019,
383,3064.0,0.00011419854126870632,0.7357876896858215,
384,3072.0,0.0001022945434669964,0.7338132858276367,
385,3080.0,2.0533381757559255e-05,0.7318228483200073,
386,3088.0,4.939438804285601e-05,0.72982257604599,
387,3096.0,4.000478656962514e-05,0.727816641330719,
388,3104.0,7.033102156128734e-05,0.7258056402206421,
389,3112.0,4.2813215259229764e-05,0.723789393901825,
390,3120.0,0.00010295379615854472,0.7217780351638794,
391,3128.0,7.885255763540044e-05,0.7197698354721069,
392,3136.0,1.8480046492186375e-05,0.7177626490592957,
393,3144.0,7.298890068341279e-06,0.7157681584358215,
394,3152.0,2.757497350103222e-05,0.7137818336486816,
395,3160.0,2.106385727529414e-05,0.7118179202079773,
396,3168.0,4.0379036363447085e-05,0.7098619937896729,
397,3176.0,5.264940409688279e-05,0.7079313397407532,
398,3184.0,9.127781595452689e-06,0.7060202360153198,
399,3192.0,2.4327538994839415e-05,0.7041375637054443,
400,3200.0,6.496334390249103e-05,0.7022813558578491,
401,3208.0,3.314237983431667e-05,0.7004535794258118,
402,3216.0,0.00011169989011250436,0.6986518502235413,
403,3224.0,3.235516487620771e-05,0.6968904733657837,
404,3232.0,6.799520633649081e-05,0.6951615810394287,
405,3240.0,5.5602762586204335e-05,0.6934645175933838,
406,3248.0,6.890969234518707e-05,0.6918104887008667,
407,3256.0,5.845278428751044e-05,0.6901864409446716,
408,3264.0,0.00012191336281830445,0.6885988712310791,
409,3272.0,3.286193896201439e-05,0.6870564222335815,
410,3280.0,0.00022132582671474665,0.6855483055114746,
411,3288.0,0.00014477819786407053,0.6840726733207703,
412,3296.0,4.564400660456158e-05,0.6826354265213013,
413,3304.0,8.086333400569856e-05,0.6812376976013184,
414,3312.0,0.00022939096379559487,0.6798718571662903,
415,3320.0,8.293410064652562e-05,0.6785325407981873,
416,3328.0,0.00018963661568704993,0.6772353053092957,
417,3336.0,3.560576442396268e-05,0.6759630441665649,
418,3344.0,3.988520984421484e-05,0.6747198104858398,
419,3352.0,0.00013367593055590987,0.6734887957572937,
420,3360.0,1.6997706552501768e-05,0.6722918748855591,
421,3368.0,6.781677075196058e-05,0.6711120009422302,
422,3376.0,3.868818748742342e-05,0.6699550151824951,
423,3384.0,2.1202773496042937e-05,0.6688029766082764,
424,3392.0,4.6177276090020314e-05,0.667670726776123,
425,3400.0,4.1547038563294336e-05,0.6665429472923279,
426,3408.0,0.00010409528476884589,0.6654157638549805,
427,3416.0,3.050095256185159e-05,0.6643088459968567,
428,3424.0,1.8637851098901592e-05,0.6631947755813599,
429,3432.0,5.085182056063786e-05,0.6620805859565735,
430,3440.0,9.204589332512114e-06,0.6609777212142944,
431,3448.0,5.896307993680239e-05,0.6598374843597412,
432,3456.0,8.164210885297507e-05,0.6587038040161133,
433,3464.0,7.535799795732601e-06,0.657559335231781,
434,3472.0,9.799550025491044e-05,0.6563877463340759,
435,3480.0,7.086990081006661e-05,0.6552383899688721,
436,3488.0,9.330446482636034e-05,0.654050886631012,
437,3496.0,6.180709897307679e-05,0.652849555015564,
438,3504.0,5.2975909056840464e-05,0.6516299843788147,
439,3512.0,0.0001031096835504286,0.6503931283950806,
440,3520.0,7.266584725584835e-05,0.6491374373435974,
441,3528.0,7.048099359963089e-05,0.6478587985038757,
442,3536.0,0.00016507609689142555,0.6465587019920349,
443,3544.0,8.156977128237486e-05,0.6452478766441345,
444,3552.0,0.00022981350775808096,0.6439120173454285,
445,3560.0,0.000814642000477761,0.6425602436065674,
446,3568.0,0.0003193242009729147,0.6411855816841125,
447,3576.0,0.0002230295940535143,0.6398047208786011,
448,3584.0,0.0006134643335826695,0.6384037137031555,
449,3592.0,0.00024085320183075964,0.6369897127151489,
450,3600.0,0.00015131084364838898,0.6355549097061157,
451,3608.0,0.0001710043870843947,0.6341265439987183,
452,3616.0,8.667797374073416e-05,0.6326845288276672,
453,3624.0,7.919429481262341e-05,0.6312329173088074,
454,3632.0,0.0001035660388879478,0.6297789812088013,
455,3640.0,6.192948058014736e-05,0.6283230781555176,
456,3648.0,1.2941471140948124e-05,0.6268672347068787,
457,3656.0,0.00014107360038906336,0.6254165768623352,
458,3664.0,5.758982297265902e-05,0.6239752769470215,
459,3672.0,4.179185998509638e-05,0.6225300431251526,
460,3680.0,8.932494529290125e-05,0.6211059093475342,
461,3688.0,5.911945481784642e-05,0.6196889281272888,
462,3696.0,2.9282022296683863e-05,0.6183006167411804,
463,3704.0,2.2031594198779203e-05,0.6169102787971497,
464,3712.0,4.1430568671785295e-05,0.6155478358268738,
465,3720.0,2.537717591621913e-05,0.6142041683197021,
466,3728.0,2.8715934604406357e-05,0.6128854751586914,
467,3736.0,6.740929529769346e-05,0.6115917563438416,
468,3744.0,4.203208663966507e-05,0.6103226542472839,
469,3752.0,7.065539102768525e-05,0.6090858578681946,
470,3760.0,6.73138492857106e-05,0.6078696846961975,
471,3768.0,3.644234311650507e-05,0.6066933870315552,
472,3776.0,5.293379581416957e-05,0.6055368781089783,
473,3784.0,8.584718307247385e-05,0.6044160723686218,
474,3792.0,4.342801184975542e-05,0.6033227443695068,
475,3800.0,0.00010442882194183767,0.602259635925293,
476,3808.0,0.0002506517630536109,0.6012266278266907,
477,3816.0,0.0003199655911885202,0.6002265810966492,
478,3824.0,0.0002775301691144705,0.599244236946106,
479,3832.0,0.00029434391763061285,0.5983044505119324,
480,3840.0,0.00015363069542218,0.5973788499832153,
481,3848.0,0.0002093666698783636,0.5964829325675964,
482,3856.0,0.00020946237782482058,0.595608115196228,
483,3864.0,5.396909546107054e-05,0.5947571992874146,
484,3872.0,2.029215102083981e-05,0.5939288139343262,
485,3880.0,9.32517577894032e-05,0.593113362789154,
486,3888.0,3.22838532156311e-05,0.5923146605491638,
487,3896.0,5.9221205447101966e-05,0.5915286540985107,
488,3904.0,8.35601967992261e-05,0.5907551646232605,
489,3912.0,5.2384519221959636e-05,0.5899876952171326,
490,3920.0,9.947886610461865e-06,0.5892345905303955,
491,3928.0,4.347961294115521e-05,0.5884814858436584,
492,3936.0,4.6790490159764886e-05,0.5877290964126587,
493,3944.0,2.3039918232825585e-05,0.5869749188423157,
494,3952.0,2.6005043764598668e-05,0.5862314701080322,
495,3960.0,8.22876154416008e-06,0.5854612588882446,
496,3968.0,1.8351520338910632e-05,0.584693968296051,
497,3976.0,2.61726036114851e-05,0.5839172601699829,
498,3984.0,2.433138979540672e-05,0.5831395983695984,
499,3992.0,4.322726454120129e-06,0.5823386907577515,
500,4000.0,4.457727482076734e-05,0.5815256237983704,
501,4008.0,4.486861507757567e-05,0.5807055830955505,
502,4016.0,6.450200453400612e-05,0.5798560380935669,
503,4024.0,2.2274218281381764e-05,0.579004168510437,
504,4032.0,0.00010014200233854353,0.5781290531158447,
505,4040.0,3.920829112757929e-05,0.5772358775138855,
506,4048.0,5.061397678218782e-05,0.576322615146637,
507,4056.0,3.671406739158556e-05,0.5753946304321289,
508,4064.0,0.00010912195284618065,0.5744473338127136,
509,4072.0,2.764303280855529e-05,0.5734788179397583,
510,4080.0,0.00019491399871185422,0.5724784135818481,
511,4088.0,0.00015866286412347108,0.5714919567108154,
512,4096.0,4.098589124623686e-05,0.5704731941223145,
513,4104.0,5.279815013636835e-05,0.5694406628608704,
514,4112.0,0.0002641176397446543,0.5683896541595459,
515,4120.0,0.00010433756688144058,0.5673370361328125,
516,4128.0,0.00016387441428378224,0.5662668347358704,
517,4136.0,5.2914176194462925e-05,0.565189003944397,
518,4144.0,3.801238563028164e-05,0.5641052722930908,
519,4152.0,0.0001270176435355097,0.563011109828949,
520,4160.0,1.7836910046753474e-05,0.561919629573822,
521,4168.0,3.053428008570336e-05,0.560820460319519,
522,4176.0,6.239708454813808e-05,0.5597134828567505,
523,4184.0,1.759821861924138e-05,0.5586338043212891,
524,4192.0,3.0142673494992778e-05,0.5575469136238098,
525,4200.0,2.8943561119376682e-05,0.5564633011817932,
526,4208.0,5.096062886877917e-05,0.5553815960884094,
527,4216.0,2.595444857433904e-05,0.5543317198753357,
528,4224.0,3.5352590202819556e-05,0.5532847046852112,
529,4232.0,2.6721956601249985e-05,0.5522534847259521,
530,4240.0,1.3571303497883491e-05,0.5512405037879944,
531,4248.0,2.0392217265907675e-05,0.550240159034729,
532,4256.0,4.887043178314343e-05,0.5492652058601379,
533,4264.0,4.694028029916808e-05,0.5483080744743347,
534,4272.0,7.857209129724652e-05,0.5473673939704895,
535,4280.0,3.479045699350536e-05,0.5464627146720886,
536,4288.0,3.353441206854768e-05,0.5455794334411621,
537,4296.0,5.2632323786383495e-05,0.5447142720222473,
538,4304.0,7.276999531313777e-05,0.5438771843910217,
539,4312.0,0.00015992941916920245,0.5430700182914734,
540,4320.0,8.958508260548115e-05,0.5422835946083069,
541,4328.0,7.881373312557116e-05,0.5415248870849609,
542,4336.0,0.00014991873467806727,0.5407893061637878,
543,4344.0,0.00026805742527358234,0.5400837063789368,
544,4352.0,0.00022701112902723253,0.5393949151039124,
545,4360.0,0.00015213915321510285,0.5387322902679443,
546,4368.0,6.487127393484116e-05,0.5380823612213135,
547,4376.0,3.663274401333183e-05,0.5374693274497986,
548,4384.0,7.933022425277159e-05,0.536870539188385,
549,4392.0,6.0318947362247854e-05,0.5362858772277832,
550,4400.0,3.46581764461007e-05,0.5357157588005066,
551,4408.0,5.587277701124549e-05,0.5351604223251343,
552,4416.0,1.3866499102732632e-05,0.5346146821975708,
553,4424.0,1.3071189641777892e-05,0.5340827703475952,
554,4432.0,3.933226616936736e-05,0.5335565209388733,
555,4440.0,3.0386248909053393e-05,0.5330369472503662,
556,4448.0,3.1020870665088296e-05,0.5325270891189575,
557,4456.0,6.832944927737117e-05,0.5320135354995728,
558,4464.0,6.96957140462473e-05,0.5315068960189819,
559,4472.0,1.279348180105444e-05,0.5309873223304749,
560,4480.0,5.021652395953424e-05,0.5304732918739319,
561,4488.0,5.3583109547616914e-05,0.5299462080001831,
562,4496.0,2.322815271327272e-05,0.5293686985969543,
563,4504.0,1.0683616892492864e-05,0.528876543045044,
564,4512.0,2.3413015242113033e-06,0.5283279418945312,
565,4520.0,2.693567148526199e-05,0.5277637839317322,
566,4528.0,3.8884823879925534e-05,0.5271909832954407,
567,4536.0,4.391013499116525e-05,0.5265932679176331,
568,4544.0,1.7713085981085896e-05,0.5259886384010315,
569,4552.0,3.0593226256314665e-05,0.5253683924674988,
570,4560.0,4.37145063187927e-05,0.5247277617454529,
571,4568.0,4.211029954603873e-05,0.5240733623504639,
572,4576.0,5.105094169266522e-05,0.5233966112136841,
573,4584.0,9.475909610046074e-05,0.522710919380188,
574,4592.0,6.433991802623495e-05,0.5220032334327698,
575,4600.0,9.749145829118788e-05,0.5212730765342712,
576,4608.0,0.0002528713084757328,0.5205358266830444,
577,4616.0,0.0003317095397505909,0.5197780132293701,
578,4624.0,0.00027589284582063556,0.5190042853355408,
579,4632.0,0.000291431846562773,0.5182129144668579,
580,4640.0,0.0001902993390103802,0.5174151062965393,
581,4648.0,0.00022391641687136143,0.5166024565696716,
582,4656.0,0.00021292221208568662,0.5157848000526428,
583,4664.0,7.844249194022268e-05,0.514951229095459,
584,4672.0,2.4205584850278683e-05,0.5141133069992065,
585,4680.0,0.0001181561456178315,0.5132705569267273,
586,4688.0,3.818277400569059e-05,0.5124324560165405,
587,4696.0,6.160706834634766e-05,0.5115759968757629,
588,4704.0,3.648669007816352e-05,0.5107277035713196,
589,4712.0,7.642853597644717e-05,0.5098835825920105,
590,4720.0,6.583781214430928e-05,0.5090337991714478,
591,4728.0,2.41179750446463e-05,0.5082022547721863,
592,4736.0,7.996175554580986e-05,0.5073693990707397,
593,4744.0,3.0205550501705147e-05,0.5065529942512512,
594,4752.0,3.053639375139028e-05,0.505744218826294,
595,4760.0,3.462843596935272e-05,0.5049472451210022,
596,4768.0,2.1034771634731442e-05,0.5041677951812744,
597,4776.0,5.412274185800925e-05,0.5034028887748718,
598,4784.0,3.858534455503104e-06,0.5026569366455078,
599,4792.0,3.397185719222762e-05,0.5019266605377197,
600,4800.0,6.488106009783223e-05,0.5012118220329285,
601,4808.0,6.908817158546299e-05,0.5005254745483398,
602,4816.0,3.17908197757788e-05,0.4998513162136078,
603,4824.0,4.253866063663736e-05,0.4992123246192932,
604,4832.0,5.1268991228425875e-05,0.49858424067497253,
605,4840.0,5.278332537272945e-05,0.49798426032066345,
606,4848.0,8.914139471016824e-05,0.4973905086517334,
607,4856.0,4.722732410300523e-05,0.49684783816337585,
608,4864.0,0.0002168652426917106,0.4963119328022003,
609,4872.0,0.00019474317377898842,0.4957962930202484,
610,4880.0,0.00014764975639991462,0.49530139565467834,
611,4888.0,0.0002159549912903458,0.4948318898677826,
612,4896.0,7.718815322732553e-05,0.49437791109085083,
613,4904.0,0.00018023674783762544,0.4939403533935547,
614,4912.0,0.00017947627929970622,0.4935222864151001,
615,4920.0,0.0001231204078067094,0.4931183159351349,
616,4928.0,7.477653707610443e-05,0.4927258789539337,
617,4936.0,4.626759255188517e-05,0.49235066771507263,
618,4944.0,8.477443770971149e-05,0.49197712540626526,
619,4952.0,8.080371480900794e-05,0.4916236102581024,
620,4960.0,1.748242175381165e-05,0.4912658929824829,
621,4968.0,5.7960249250754714e-05,0.4909220039844513,
622,4976.0,1.5983301636879332e-05,0.4905809462070465,
623,4984.0,3.409702185308561e-05,0.4902360439300537,
624,4992.0,5.7472971093375236e-05,0.4898920953273773,
625,5000.0,1.5677169358241372e-05,0.4895470440387726,
626,5008.0,7.906300197646488e-06,0.489201158285141,
627,5016.0,2.8260843464522623e-05,0.4888435900211334,
628,5024.0,2.7532079911907203e-05,0.4884832799434662,
629,5032.0,3.170554919051938e-05,0.48811158537864685,
630,5040.0,2.96242051263107e-05,0.48773303627967834,
631,5048.0,5.1192098908359185e-05,0.4873407483100891,
632,5056.0,3.012871093233116e-05,0.4869365692138672,
633,5064.0,4.812036786461249e-05,0.4865196645259857,
634,5072.0,5.026743747293949e-05,0.4860856533050537,
635,5080.0,5.200101441005245e-06,0.48563849925994873,
636,5088.0,1.865787635324523e-05,0.4851756691932678,
637,5096.0,5.3546045819530264e-05,0.4846949875354767,
638,5104.0,3.68751680071e-05,0.48419758677482605,
639,5112.0,0.00012135497672716156,0.48368769884109497,
640,5120.0,8.398394857067615e-05,0.4831601083278656,
641,5128.0,6.104553904151544e-05,0.4826156795024872,
642,5136.0,0.0001268467167392373,0.48205357789993286,
643,5144.0,0.0002505440206732601,0.481479287147522,
644,5152.0,0.00022521802748087794,0.48088687658309937,
645,5160.0,0.00015839695697650313,0.48028647899627686,
646,5168.0,0.00010367845970904455,0.479660302400589,
647,5176.0,4.376362630864605e-05,0.4790399670600891,
648,5184.0,9.30152164073661e-05,0.47840020060539246,
649,5192.0,6.819295231252909e-05,0.477755606174469,
650,5200.0,7.297500997083262e-05,0.4770991802215576,
651,5208.0,5.5592503485968336e-05,0.47643905878067017,
652,5216.0,8.077190614130814e-06,0.47577330470085144,
653,5224.0,4.0158178308047354e-05,0.47510766983032227,
654,5232.0,2.9698741855099797e-05,0.474448025226593,
655,5240.0,6.0835620388388634e-05,0.47376948595046997,
656,5248.0,6.532944098580629e-05,0.47310206294059753,
657,5256.0,3.8270056393230334e-05,0.4724458158016205,
658,5264.0,5.135542232892476e-05,0.47178807854652405,
659,5272.0,1.1363528756191954e-05,0.47114139795303345,
660,5280.0,2.2723948859493248e-05,0.4705031216144562,
661,5288.0,2.409780427115038e-05,0.4698755443096161,
662,5296.0,3.439569263719022e-05,0.4692661762237549,
663,5304.0,2.9570643164333887e-05,0.4686577618122101,
664,5312.0,3.2924828701652586e-05,0.46806830167770386,
665,5320.0,3.8313897675834596e-05,0.4674995243549347,
666,5328.0,2.819377914420329e-05,0.46693798899650574,
667,5336.0,3.578120231395587e-05,0.46640852093696594,
668,5344.0,6.159797339932993e-05,0.46589037775993347,
669,5352.0,2.845060771505814e-05,0.46539178490638733,
670,5360.0,6.584549555554986e-05,0.4649084210395813,
671,5368.0,9.38567754928954e-05,0.4644568860530853,
672,5376.0,2.1975423805997707e-05,0.4640166759490967,
673,5384.0,0.00010332798410672694,0.4636000096797943,
674,5392.0,5.968878758721985e-05,0.46320900321006775,
675,5400.0,0.00010269928316120058,0.4628254473209381,
676,5408.0,0.0001728738279780373,0.46246519684791565,
677,5416.0,9.094471897697076e-05,0.4621242582798004,
678,5424.0,7.79904003138654e-05,0.4617963135242462,
679,5432.0,3.852384543279186e-05,0.46149298548698425,
680,5440.0,0.00013158764340914786,0.4612021744251251,
681,5448.0,3.726718568941578e-05,0.46092405915260315,
682,5456.0,6.30155045655556e-05,0.46065977215766907,
683,5464.0,6.765074795112014e-05,0.4604068398475647,
684,5472.0,8.091169729596004e-05,0.46016526222229004,
685,5480.0,5.8467838243814185e-05,0.45992928743362427,
686,5488.0,5.705617877538316e-05,0.45970618724823,
687,5496.0,1.615930705156643e-05,0.4594794809818268,
688,5504.0,1.8764345441013575e-05,0.45925989747047424,
689,5512.0,3.797123645199463e-05,0.4590425491333008,
690,5520.0,7.054523302940652e-05,0.45881345868110657,
691,5528.0,2.1294576072250493e-05,0.4586080014705658,
692,5536.0,2.1145782739040442e-05,0.4583909809589386,
693,5544.0,9.734673767525237e-06,0.4581635892391205,
694,5552.0,2.9225066100480035e-05,0.45793506503105164,
695,5560.0,5.7941582781495526e-05,0.4576931595802307,
696,5568.0,3.41337472491432e-05,0.45744746923446655,
697,5576.0,4.179877578280866e-05,0.45719167590141296,
698,5584.0,3.2961608667392284e-05,0.4569217562675476,
699,5592.0,5.8498524595052004e-05,0.4566379189491272,
700,5600.0,6.913377001183107e-05,0.4563443064689636,
701,5608.0,3.078962254221551e-05,0.45603442192077637,
702,5616.0,1.8303471733815968e-05,0.4557136297225952,
703,5624.0,3.056890636798926e-05,0.45537498593330383,
704,5632.0,4.533743776846677e-05,0.4550224840641022,
705,5640.0,7.434496365021914e-05,0.4546549320220947,
706,5648.0,4.855111546930857e-05,0.45427632331848145,
707,5656.0,4.642227941076271e-05,0.45387378334999084,
708,5664.0,0.00019520953355822712,0.4534568786621094,
709,5672.0,0.0002017676451941952,0.45302507281303406,
710,5680.0,0.00015560344036202878,0.4525880217552185,
711,5688.0,0.0001886932150227949,0.4521251320838928,
712,5696.0,6.383431900758296e-05,0.4516570270061493,
713,5704.0,0.00020448098075576127,0.4511735737323761,
714,5712.0,0.00015008190530352294,0.4506826400756836,
715,5720.0,0.00013577657227870077,0.45017629861831665,
716,5728.0,7.465117960236967e-05,0.4496680200099945,
717,5736.0,6.765076977899298e-05,0.4491492807865143,
718,5744.0,0.00018685233953874558,0.44863083958625793,
719,5752.0,6.22725419816561e-05,0.448100209236145,
720,5760.0,5.04913623444736e-05,0.4475712478160858,
721,5768.0,6.41303340671584e-05,0.44703909754753113,
722,5776.0,3.952468978241086e-05,0.44650691747665405,
723,5784.0,8.605353650636971e-05,0.4459834396839142,
724,5792.0,5.417410648078658e-05,0.44545978307724,
725,5800.0,2.3985921870917082e-05,0.4449392557144165,
726,5808.0,3.983751230407506e-05,0.4444279670715332,
727,5816.0,5.1041366532444954e-05,0.4439273178577423,
728,5824.0,4.325910049374215e-05,0.44343098998069763,
729,5832.0,9.371210035169497e-05,0.44295158982276917,
730,5840.0,4.808444282389246e-05,0.44247952103614807,
731,5848.0,5.655745553667657e-05,0.4420227110385895,
732,5856.0,4.50926017947495e-05,0.4415817856788635,
733,5864.0,2.5103503503487445e-05,0.4411539137363434,
734,5872.0,9.184522787109017e-05,0.4407545030117035,
735,5880.0,7.552996248705313e-05,0.4403475821018219,
736,5888.0,7.85451484262012e-05,0.43997249007225037,
737,5896.0,4.986647763871588e-05,0.43961620330810547,
738,5904.0,6.920253508724272e-05,0.4392716586589813,
739,5912.0,0.0002183521428378299,0.43895813822746277,
740,5920.0,0.00014338943583425134,0.4386543035507202,
741,5928.0,0.00022364873439073563,0.4383680522441864,
742,5936.0,0.0005007258150726557,0.4381045997142792,
743,5944.0,0.00029134159558452666,0.4378550946712494,
744,5952.0,0.0002209344384027645,0.4376256763935089,
745,5960.0,0.00029464528779499233,0.43740448355674744,
746,5968.0,0.00012198676267871633,0.43720975518226624,
747,5976.0,8.296958549181e-05,0.43701961636543274,
748,5984.0,0.0001017815011437051,0.4368434548377991,
749,5992.0,5.643603435601108e-05,0.43668052554130554,
750,6000.0,5.6238881370518357e-05,0.4365430772304535,
751,6008.0,4.408397580846213e-05,0.43639102578163147,
752,6016.0,4.3714037019526586e-05,0.4362582266330719,
753,6024.0,8.505090954713523e-05,0.4361312985420227,
754,6032.0,9.719251465867274e-06,0.4359918534755707,
755,6040.0,2.525394484109711e-05,0.43588826060295105,
756,6048.0,1.1131052815471776e-05,0.43576836585998535,
757,6056.0,2.5103128791670315e-05,0.4356552064418793,
758,6064.0,2.3356024030363187e-05,0.4355361759662628,
759,6072.0,2.5802513846429065e-05,0.4354158043861389,
760,6080.0,3.444073081482202e-05,0.4352918565273285,
761,6088.0,1.0768422725959681e-05,0.43516042828559875,
762,6096.0,3.2498712243977934e-05,0.43502378463745117,
763,6104.0,2.993415910168551e-05,0.4348808526992798,
764,6112.0,5.4994566198729444e-06,0.43472814559936523,
765,6120.0,5.350258288672194e-05,0.43456360697746277,
766,6128.0,1.8275317415827885e-05,0.43438848853111267,
767,6136.0,6.569658580701798e-05,0.43419593572616577,
768,6144.0,4.709575296146795e-05,0.4339977502822876,
769,6152.0,5.624061031994643e-06,0.43378448486328125,
770,6160.0,5.4168987844605e-05,0.43355855345726013,
771,6168.0,9.08543515834026e-05,0.43331387639045715,
772,6176.0,4.0367915062233806e-05,0.4330587685108185,
773,6184.0,8.120055281324312e-05,0.4327874779701233,
774,6192.0,4.54251239716541e-05,0.4324990212917328,
775,6200.0,0.00012011632497888058,0.43219777941703796,
776,6208.0,0.0001578877418069169,0.43188753724098206,
777,6216.0,0.00010560226655798033,0.43155521154403687,
778,6224.0,9.586819214746356e-05,0.43121036887168884,
779,6232.0,3.8689242501277477e-05,0.4308614432811737,
780,6240.0,0.00012722250539809465,0.43049532175064087,
781,6248.0,7.724281022092327e-05,0.4301193058490753,
782,6256.0,7.045264646876603e-05,0.42974480986595154,
783,6264.0,6.857889093225822e-05,0.4293377101421356,
784,6272.0,7.914486923255026e-05,0.42893603444099426,
785,6280.0,7.26896250853315e-05,0.4285290539264679,
786,6288.0,5.57612584088929e-05,0.42810848355293274,
787,6296.0,5.104198498884216e-05,0.42769986391067505,
788,6304.0,1.5150677427300252e-05,0.4272814989089966,
789,6312.0,2.8902415579068474e-05,0.4268650710582733,
790,6320.0,5.098447218188085e-05,0.42644432187080383,
791,6328.0,4.5439581299433485e-05,0.42602816224098206,
792,6336.0,3.5710560041479766e-05,0.4256191849708557,
793,6344.0,4.476582398638129e-05,0.42521122097969055,
794,6352.0,4.186659134575166e-05,0.42481285333633423,
795,6360.0,3.3074313250835985e-05,0.4244191646575928,
796,6368.0,4.7557306970702484e-05,0.4240376055240631,
797,6376.0,9.183047222904861e-05,0.4236689507961273,
798,6384.0,9.290866000810638e-05,0.423306405544281,
799,6392.0,0.00010870094411075115,0.42295798659324646,
800,6400.0,2.978679731313605e-05,0.4226219356060028,
801,6408.0,6.67413987684995e-05,0.42230454087257385,
802,6416.0,2.7053418307332322e-05,0.4219993054866791,
803,6424.0,9.9709584901575e-05,0.42171263694763184,
804,6432.0,8.884646376827732e-05,0.42144152522087097,
805,6440.0,5.0304159231018275e-05,0.4211832880973816,
806,6448.0,6.464945181505755e-05,0.4209439158439636,
807,6456.0,3.2879135687835515e-05,0.4207232892513275,
808,6464.0,0.00018945183546748012,0.42051687836647034,
809,6472.0,0.0002131329820258543,0.4203242063522339,
810,6480.0,0.00016496129683218896,0.4201582968235016,
811,6488.0,0.00013620244862977415,0.41999924182891846,
812,6496.0,0.0001033436055877246,0.41985833644866943,
813,6504.0,3.0425087970797904e-05,0.4197322428226471,
814,6512.0,7.372527761617675e-05,0.41961705684661865,
815,6520.0,5.784576933365315e-05,0.4195178747177124,
816,6528.0,6.862948066554964e-05,0.41943055391311646,
817,6536.0,8.359352796105668e-05,0.4193555414676666,
818,6544.0,6.559630128322169e-05,0.41929030418395996,
819,6552.0,4.066550172865391e-05,0.41922950744628906,
820,6560.0,3.428465061006136e-05,0.41918328404426575,
821,6568.0,7.089149585226551e-05,0.4191393554210663,
822,6576.0,4.8820191295817494e-05,0.41910672187805176,
823,6584.0,7.079092029016465e-05,0.41905978322029114,
824,6592.0,6.201590440468863e-05,0.4190286099910736,
825,6600.0,4.459892079466954e-05,0.41899701952934265,
826,6608.0,2.5093419026234187e-05,0.41896459460258484,
827,6616.0,2.3730684915790334e-05,0.4189230501651764,
828,6624.0,3.940342867281288e-05,0.4188835620880127,
829,6632.0,8.487980085192248e-05,0.4188387393951416,
830,6640.0,4.424976941663772e-05,0.4187939763069153,
831,6648.0,5.9408353990875185e-05,0.4187288284301758,
832,6656.0,5.127786425873637e-05,0.4186614453792572,
833,6664.0,3.69537592632696e-05,0.41858765482902527,
834,6672.0,4.6666438720421866e-05,0.41849657893180847,
835,6680.0,8.056125807343051e-05,0.41840291023254395,
836,6688.0,9.184033115161583e-05,0.4182918667793274,
837,6696.0,4.0657636418472975e-05,0.41817620396614075,
838,6704.0,9.590508125256747e-05,0.4180482029914856,
839,6712.0,0.0002026180736720562,0.4178938865661621,
840,6720.0,0.00012102141045033932,0.4177303612232208,
841,6728.0,0.0002529110643081367,0.4175586998462677,
842,6736.0,0.00048002941184677184,0.4173769950866699,
843,6744.0,0.00028272191411815584,0.41716787219047546,
844,6752.0,0.0002236983273178339,0.4169577956199646,
845,6760.0,0.00035644357558339834,0.4167264699935913,
846,6768.0,8.738998440094292e-05,0.4164822995662689,
847,6776.0,5.346076068235561e-05,0.416237473487854,
848,6784.0,0.00010780106094898656,0.41597405076026917,
849,6792.0,8.817523485049605e-05,0.41569721698760986,
850,6800.0,7.802629988873377e-05,0.4154179096221924,
851,6808.0,0.00011384700337657705,0.4151284992694855,
852,6816.0,3.7111247365828604e-05,0.41483134031295776,
853,6824.0,6.395517993951216e-05,0.4145224094390869,
854,6832.0,5.8331726904725656e-05,0.4142110049724579,
855,6840.0,5.3927720728097484e-05,0.413891077041626,
856,6848.0,8.922314736992121e-05,0.41357022523880005,
857,6856.0,0.00012562432675622404,0.4132525324821472,
858,6864.0,5.715373845305294e-05,0.4129294455051422,
859,6872.0,2.9524744604714215e-05,0.4126114845275879,
860,6880.0,8.822693052934483e-05,0.4122958779335022,
861,6888.0,0.00012370852346066386,0.4119802415370941,
862,6896.0,0.0001435207377653569,0.4116775691509247,
863,6904.0,8.176951087079942e-05,0.4113660752773285,
864,6912.0,2.1500862203538418e-05,0.4110717177391052,
865,6920.0,0.00013165474229026586,0.4107813835144043,
866,6928.0,0.0001743560569593683,0.4105152487754822,
867,6936.0,0.00023841479560360312,0.41023677587509155,
868,6944.0,0.00021246478718239814,0.40997958183288574,
869,6952.0,0.00011754745355574414,0.4097367525100708,
870,6960.0,0.00014771296991966665,0.40950748324394226,
871,6968.0,0.00029374848236329854,0.4092849791049957,
872,6976.0,0.0007705843891017139,0.40907877683639526,
873,6984.0,0.0010395776480436325,0.4088965356349945,
874,6992.0,0.0011569114867597818,0.40872207283973694,
875,7000.0,0.001202422776259482,0.40856701135635376,
876,7008.0,0.001127182855270803,0.4084206223487854,
877,7016.0,0.0009025803883560002,0.40829214453697205,
878,7024.0,0.000728578947018832,0.4081706404685974,
879,7032.0,0.0004336763231549412,0.40807831287384033,
880,7040.0,4.843464557779953e-05,0.4079950451850891,
881,7048.0,0.00017526363080833107,0.40792518854141235,
882,7056.0,0.0002788958663586527,0.4078860580921173,
883,7064.0,0.00019797650747932494,0.4078330397605896,
884,7072.0,0.00018842917052097619,0.40780529379844666,
885,7080.0,0.00011265563080087304,0.4077834486961365,
886,7088.0,3.63904678124527e-06,0.4077747166156769,
887,7096.0,0.0001223156723426655,0.4077793061733246,
888,7104.0,0.00013372002285905182,0.4077916145324707,
889,7112.0,0.0001397980231558904,0.4078123867511749,
890,7120.0,9.359090472571552e-05,0.40783751010894775,
891,7128.0,4.993733818992041e-05,0.40786853432655334,
892,7136.0,6.33889067103155e-05,0.40790635347366333,
893,7144.0,0.00010783523612190038,0.40794041752815247,
894,7152.0,0.00011989811901003122,0.40798962116241455,
895,7160.0,8.962978608906269e-05,0.40802210569381714,
896,7168.0,1.0379336345067713e-05,0.40805843472480774,
897,7176.0,6.894471880514175e-05,0.40809711813926697,
898,7184.0,0.00010160973761230707,0.4081347584724426,
899,7192.0,2.92682925646659e-05,0.40816038846969604,
900,7200.0,7.476122118532658e-05,0.4081876277923584,
901,7208.0,8.345932292286307e-05,0.40820518136024475,
902,7216.0,2.2539639758178964e-05,0.4082109332084656,
903,7224.0,7.309905777219683e-05,0.40821510553359985,
904,7232.0,5.8189823903376237e-05,0.4082099497318268,
905,7240.0,2.9380793421296403e-05,0.40819257497787476,
906,7248.0,0.00011300971527816728,0.40817201137542725,
907,7256.0,7.35446737962775e-05,0.4081299901008606,
908,7264.0,0.00016609526937827468,0.4080851376056671,
909,7272.0,0.0001632849161978811,0.4080181419849396,
910,7280.0,0.00014718751481268555,0.4079320728778839,
911,7288.0,0.00021851503697689623,0.40786299109458923,
912,7296.0,6.579537148354575e-05,0.4077606797218323,
913,7304.0,4.54723194707185e-05,0.4076521396636963,
914,7312.0,0.00012709559814538807,0.4075334668159485,
915,7320.0,9.601181227480993e-05,0.4074001908302307,
916,7328.0,0.00011384904792066664,0.4072563350200653,
917,7336.0,5.663926640409045e-05,0.4070950746536255,
918,7344.0,3.0833085475023836e-05,0.4069232940673828,
919,7352.0,0.00010955213656416163,0.40675127506256104,
920,7360.0,5.356257315725088e-05,0.4065670967102051,
921,7368.0,0.0001074703541235067,0.40636932849884033,
922,7376.0,2.756906906142831e-05,0.4061662554740906,
923,7384.0,4.86608078063e-05,0.40595588088035583,
924,7392.0,8.941846317611635e-05,0.40574124455451965,
925,7400.0,6.93739129928872e-05,0.4055206775665283,
926,7408.0,7.379947055596858e-05,0.4052971601486206,
927,7416.0,1.7010714145726524e-05,0.4050702750682831,
928,7424.0,2.882147418858949e-05,0.404838889837265,
929,7432.0,8.256013825302944e-05,0.40460801124572754,
930,7440.0,9.383037104271352e-05,0.4043814241886139,
931,7448.0,9.596302697900683e-05,0.40414848923683167,
932,7456.0,7.423611532431096e-05,0.40392571687698364,
933,7464.0,8.111094939522445e-05,0.40370333194732666,
934,7472.0,0.00010870391270145774,0.40348020195961,
935,7480.0,8.893320773495361e-05,0.4032747149467468,
936,7488.0,0.0001920200593303889,0.4030698537826538,
937,7496.0,0.00014013574400451034,0.40287506580352783,
938,7504.0,0.00013530655996873975,0.40268105268478394,
939,7512.0,0.0001809303357731551,0.40250957012176514,
940,7520.0,0.0001955653278855607,0.4023401141166687,
941,7528.0,6.638428749283776e-05,0.4021816551685333,
942,7536.0,0.000160322553711012,0.4020291268825531,
943,7544.0,0.0002779827918857336,0.40190500020980835,
944,7552.0,0.0001095839761546813,0.40178990364074707,
945,7560.0,0.00014690097304992378,0.40168049931526184,
946,7568.0,4.044112574774772e-05,0.4016083776950836,
947,7576.0,4.2570001824060455e-05,0.401502788066864,
948,7584.0,4.275791434338316e-05,0.40143463015556335,
949,7592.0,4.816860382561572e-05,0.40138307213783264,
950,7600.0,0.00010391142131993547,0.4013412594795227,
951,7608.0,7.307324995053932e-05,0.4013192057609558,
952,7616.0,5.502136627910659e-05,0.40130487084388733,
953,7624.0,6.859523273305967e-05,0.4013071358203888,
954,7632.0,6.568255048478022e-05,0.4013217091560364,
955,7640.0,5.9934518503723666e-05,0.40133988857269287,
956,7648.0,0.00011956397793255746,0.40137529373168945,
957,7656.0,0.00013237576058600098,0.4014228582382202,
958,7664.0,6.827003380749375e-05,0.40146657824516296,
959,7672.0,3.7543344660662115e-05,0.40154117345809937,
960,7680.0,8.616083505330607e-05,0.4016128182411194,
961,7688.0,0.00010327972995582968,0.40169358253479004,
962,7696.0,0.00017798083717934787,0.4017866551876068,
963,7704.0,9.791132470127195e-05,0.4018729329109192,
964,7712.0,4.299137435737066e-05,0.40196967124938965,
965,7720.0,0.00012057678395649418,0.40207037329673767,
966,7728.0,0.00017701779142953455,0.40217193961143494,
967,7736.0,0.000231787926168181,0.40227675437927246,
968,7744.0,0.00021518557332456112,0.4023807942867279,
969,7752.0,0.00015528300718870014,0.402487576007843,
970,7760.0,0.0001223559956997633,0.4025798738002777,
971,7768.0,0.0002842199755832553,0.40268489718437195,
972,7776.0,0.0007651798659935594,0.4027846157550812,
973,7784.0,0.0010306353215128183,0.40287691354751587,
974,7792.0,0.010803548619151115,0.4030248522758484,
975,7800.0,0.0012095363344997168,0.40303507447242737,
976,7808.0,0.0011353112058714032,0.4031060039997101,
977,7816.0,0.000930154521483928,0.40317168831825256,
978,7824.0,0.0007506450056098402,0.40322238206863403,
979,7832.0,0.0004253536753822118,0.40327849984169006,
980,7840.0,9.62962003541179e-05,0.4033167064189911,
981,7848.0,0.00018287150305695832,0.4033453166484833,
982,7856.0,0.0002884518471546471,0.40336427092552185,
983,7864.0,0.0002324708184460178,0.4033719301223755,
984,7872.0,0.00018974354316014796,0.4033665359020233,
985,7880.0,8.716223965166137e-05,0.40335458517074585,
986,7888.0,6.925247726030648e-05,0.40333953499794006,
987,7896.0,0.0001574891502968967,0.4032924771308899,
988,7904.0,0.0001316545094596222,0.4032454192638397,
989,7912.0,0.00015680317301303148,0.40318819880485535,
990,7920.0,0.0001068965793820098,0.4031168818473816,
991,7928.0,5.558315388043411e-05,0.40304264426231384,
992,7936.0,5.768532719230279e-05,0.4029522240161896,
993,7944.0,0.00011599394929362461,0.4028535485267639,
994,7952.0,0.00013405372737906873,0.4027543365955353,
995,7960.0,9.583254723111168e-05,0.402628630399704,
996,7968.0,2.9450744477799162e-05,0.4025077223777771,
997,7976.0,4.7336248826468363e-05,0.40237846970558167,
998,7984.0,4.3704832933144644e-05,0.40224185585975647,
999,7992.0,7.747111521894112e-05,0.4021015465259552,
1000,8000.0,3.618130358518101e-05,0.40195298194885254,
1001,8008.0,2.569396747276187e-05,0.4018036127090454,
1002,8016.0,3.287617437308654e-05,0.4016493558883667,
1003,8024.0,5.253046037978493e-05,0.40149974822998047,
1004,8032.0,0.00010503658268135041,0.4013407230377197,
1005,8040.0,0.00022306798200588673,0.40119069814682007,
1006,8048.0,0.00016912179125938565,0.4010327458381653,
1007,8056.0,0.0001146650465670973,0.40087804198265076,
1008,8064.0,0.00015504282782785594,0.4007265269756317,
1009,8072.0,0.00013962668890599161,0.40058258175849915,
1010,8080.0,0.00018485088367015123,0.4004421830177307,
1011,8088.0,0.00016138431965373456,0.4003012478351593,
1012,8096.0,0.00017290693358518183,0.4001721143722534,
1013,8104.0,5.701326881535351e-05,0.40005025267601013,
1014,8112.0,7.767203351249918e-05,0.39993757009506226,
1015,8120.0,0.00012334660277701914,0.39983201026916504,
1016,8128.0,0.00010297226253896952,0.3997335433959961,
1017,8136.0,6.82361496728845e-05,0.3996468782424927,
1018,8144.0,6.182175275171176e-05,0.39956292510032654,
1019,8152.0,4.745418482343666e-05,0.399505615234375,
1020,8160.0,9.596898598829284e-05,0.39945188164711,
1021,8168.0,8.45378526719287e-05,0.3994077742099762,
1022,8176.0,6.162792124086991e-05,0.3993737995624542,
1023,8184.0,3.235107578802854e-05,0.3993591070175171,
